{
  "project_info": {
    "project_number": "776113642610",
    "project_id": "patient-app-7507b",
    "storage_bucket": "patient-app-7507b.appspot.com"
  },
  "client": [
    {
      "client_info": {
        "mobilesdk_app_id": "1:776113642610:android:41f683682aef0cd5d176eb",
        "android_client_info": {
          "package_name": "com.scout.patient"
        }
      },
      "oauth_client": [
        {
          "client_id": "776113642610-u5c4rn7m361e8uf3t5e8o618t6bciqc8.apps.googleusercontent.com",
          "client_type": 3
        }
      ],
      "api_key": [
        {
          "current_key": "AIzaSyCWYFOSbcnWxp0FizwNs-wX9heEK1EN2wg"
        }
      ],
      "services": {
        "appinvite_service": {
          "other_platform_oauth_client": [
            {
              "client_id": "776113642610-u5c4rn7m361e8uf3t5e8o618t6bciqc8.apps.googleusercontent.com",
              "client_type": 3
            }
          ]
        }
      }
    }
  ],
  "configuration_version": "1"
}